{"type":"FeatureCollection","metadata":{"generated":1549219987000,"url":"https://earthquake.usgs.gov/fdsnws/event/1/query?format=geojson&starttime=2019-02-03&minmagnitude=4","title":"USGS Earthquakes","status":200,"api":"1.7.0","count":12},"features":[{"type":"Feature","properties":{"mag":4.5,"place":"7km SSE of Mayang Imphal, India","time":1549214445120,"updated":1549219669040,"tz":330,"url":"https://earthquake.usgs.gov/earthquakes/eventpage/us2000jcth","detail":"https://earthquake.usgs.gov/fdsnws/event/1/query?eventid=us2000jcth&format=geojson","felt":null,"cdi":null,"mmi":null,"alert":null,"status":"reviewed","tsunami":0,"sig":312,"net":"us","code":"2000jcth","ids":",us2000jcth,","sources":",us,","types":",geoserve,origin,phase-data,","nst":null,"dmin":0.484,"rms":0.89,"gap":62,"magType":"mb","type":"earthquake","title":"M 4.5 - 7km SSE of Mayang Imphal, India"},"geometry":{"type":"Point","coordinates":[93.9009,24.5506,61.72]},"id":"us2000jcth"},{"type":"Feature","properties":{"mag":4.9,"place":"50km E of Vanimo, Papua New Guinea","time":1549200367410,"updated":1549203625040,"tz":600,"url":"https://earthquake.usgs.gov/earthquakes/eventpage/us2000jcs0","detail":"https://earthquake.usgs.gov/fdsnws/event/1/query?eventid=us2000jcs0&format=geojson","felt":null,"cdi":null,"mmi":null,"alert":null,"status":"reviewed","tsunami":0,"sig":369,"net":"us","code":"2000jcs0","ids":",us2000jcs0,","sources":",us,","types":",geoserve,origin,phase-data,","nst":null,"dmin":5.637,"rms":0.97,"gap":56,"magType":"mb","type":"earthquake","title":"M 4.9 - 50km E of Vanimo, Papua New Guinea"},"geometry":{"type":"Point","coordinates":[141.7608,-2.6934,10]},"id":"us2000jcs0"},{"type":"Feature","properties":{"mag":4.2,"place":"36km NNW of Acari, Peru","time":1549185494220,"updated":1549217572861,"tz":-300,"url":"https://earthquake.usgs.gov/earthquakes/eventpage/us2000jcpw","detail":"https://earthquake.usgs.gov/fdsnws/event/1/query?eventid=us2000jcpw&format=geojson","felt":1,"cdi":3.1,"mmi":null,"alert":null,"status":"reviewed","tsunami":0,"sig":272,"net":"us","code":"2000jcpw","ids":",us2000jcpw,","sources":",us,","types":",dyfi,geoserve,origin,phase-data,","nst":null,"dmin":3.722,"rms":0.69,"gap":147,"magType":"mb","type":"earthquake","title":"M 4.2 - 36km NNW of Acari, Peru"},"geometry":{"type":"Point","coordinates":[-74.7681,-15.1354,42.5]},"id":"us2000jcpw"},{"type":"Feature","properties":{"mag":5.4,"place":"203km E of Amahai, Indonesia","time":1549179410110,"updated":1549180532040,"tz":540,"url":"https://earthquake.usgs.gov/earthquakes/eventpage/us2000jcp0","detail":"https://earthquake.usgs.gov/fdsnws/event/1/query?eventid=us2000jcp0&format=geojson","felt":null,"cdi":null,"mmi":null,"alert":null,"status":"reviewed","tsunami":1,"sig":449,"net":"us","code":"2000jcp0","ids":",us2000jcp0,","sources":",us,","types":",geoserve,origin,phase-data,","nst":null,"dmin":1.535,"rms":1.26,"gap":37,"magType":"mww","type":"earthquake","title":"M 5.4 - 203km E of Amahai, Indonesia"},"geometry":{"type":"Point","coordinates":[130.7504,-3.2637,35]},"id":"us2000jcp0"},{"type":"Feature","properties":{"mag":4.6,"place":"170km ESE of Bristol Island, South Sandwich Islands","time":1549175121770,"updated":1549177411040,"tz":-120,"url":"https://earthquake.usgs.gov/earthquakes/eventpage/us2000jcne","detail":"https://earthquake.usgs.gov/fdsnws/event/1/query?eventid=us2000jcne&format=geojson","felt":null,"cdi":null,"mmi":null,"alert":null,"status":"reviewed","tsunami":0,"sig":326,"net":"us","code":"2000jcne","ids":",us2000jcne,","sources":",us,","types":",geoserve,origin,phase-data,","nst":null,"dmin":14.667,"rms":0.48,"gap":186,"magType":"mb","type":"earthquake","title":"M 4.6 - 170km ESE of Bristol Island, South Sandwich Islands"},"geometry":{"type":"Point","coordinates":[-23.8033,-59.693,10]},"id":"us2000jcne"},{"type":"Feature","properties":{"mag":4.9,"place":"283km SSW of L'Esperance Rock, New Zealand","time":1549174316130,"updated":1549178461040,"tz":-720,"url":"https://earthquake.usgs.gov/earthquakes/eventpage/us2000jcn9","detail":"https://earthquake.usgs.gov/fdsnws/event/1/query?eventid=us2000jcn9&format=geojson","felt":null,"cdi":null,"mmi":null,"alert":null,"status":"reviewed","tsunami":0,"sig":369,"net":"us","code":"2000jcn9","ids":",us2000jcn9,","sources":",us,","types":",geoserve,origin,phase-data,","nst":null,"dmin":4.027,"rms":0.82,"gap":164,"magType":"mb","type":"earthquake","title":"M 4.9 - 283km SSW of L'Esperance Rock, New Zealand"},"geometry":{"type":"Point","coordinates":[-179.515,-33.9379,35]},"id":"us2000jcn9"},{"type":"Feature","properties":{"mag":4.3,"place":"13km SSE of Lithakia, Greece","time":1549174112070,"updated":1549176950955,"tz":120,"url":"https://earthquake.usgs.gov/earthquakes/eventpage/us2000jcn4","detail":"https://earthquake.usgs.gov/fdsnws/event/1/query?eventid=us2000jcn4&format=geojson","felt":1,"cdi":2,"mmi":null,"alert":null,"status":"reviewed","tsunami":0,"sig":285,"net":"us","code":"2000jcn4","ids":",us2000jcn4,","sources":",us,","types":",dyfi,geoserve,origin,phase-data,","nst":null,"dmin":0.931,"rms":1.07,"gap":129,"magType":"mb","type":"earthquake","title":"M 4.3 - 13km SSE of Lithakia, Greece"},"geometry":{"type":"Point","coordinates":[20.8801,37.5985,10]},"id":"us2000jcn4"},{"type":"Feature","properties":{"mag":5.1,"place":"66km S of Shemya Island, Alaska","time":1549169158300,"updated":1549170302040,"tz":720,"url":"https://earthquake.usgs.gov/earthquakes/eventpage/us2000jcm5","detail":"https://earthquake.usgs.gov/fdsnws/event/1/query?eventid=us2000jcm5&format=geojson","felt":null,"cdi":null,"mmi":null,"alert":null,"status":"reviewed","tsunami":0,"sig":400,"net":"us","code":"2000jcm5","ids":",us2000jcm5,","sources":",us,","types":",geoserve,origin,phase-data,","nst":null,"dmin":5.434,"rms":0.7,"gap":179,"magType":"mb","type":"earthquake","title":"M 5.1 - 66km S of Shemya Island, Alaska"},"geometry":{"type":"Point","coordinates":[174.065,52.128,48.31]},"id":"us2000jcm5"},{"type":"Feature","properties":{"mag":5,"place":"36km SW of Sucua, Ecuador","time":1549162990880,"updated":1549167237670,"tz":-300,"url":"https://earthquake.usgs.gov/earthquakes/eventpage/us2000jclm","detail":"https://earthquake.usgs.gov/fdsnws/event/1/query?eventid=us2000jclm&format=geojson","felt":4,"cdi":3.4,"mmi":null,"alert":null,"status":"reviewed","tsunami":0,"sig":386,"net":"us","code":"2000jclm","ids":",us2000jclm,","sources":",us,","types":",dyfi,geoserve,origin,phase-data,","nst":null,"dmin":2.871,"rms":0.76,"gap":142,"magType":"mb","type":"earthquake","title":"M 5.0 - 36km SW of Sucua, Ecuador"},"geometry":{"type":"Point","coordinates":[-78.4422,-2.6535,100.78]},"id":"us2000jclm"},{"type":"Feature","properties":{"mag":4.8,"place":"73km WNW of Illapel, Chile","time":1549162602770,"updated":1549164830949,"tz":-300,"url":"https://earthquake.usgs.gov/earthquakes/eventpage/us2000jcll","detail":"https://earthquake.usgs.gov/fdsnws/event/1/query?eventid=us2000jcll&format=geojson","felt":2,"cdi":3.4,"mmi":null,"alert":null,"status":"reviewed","tsunami":0,"sig":355,"net":"us","code":"2000jcll","ids":",us2000jcll,","sources":",us,","types":",dyfi,geoserve,origin,phase-data,","nst":null,"dmin":1.149,"rms":1.1,"gap":75,"magType":"mww","type":"earthquake","title":"M 4.8 - 73km WNW of Illapel, Chile"},"geometry":{"type":"Point","coordinates":[-71.8755,-31.3742,26.63]},"id":"us2000jcll"},{"type":"Feature","properties":{"mag":4.4,"place":"97km SE of Putre, Chile","time":1549157177800,"updated":1549158358040,"tz":-240,"url":"https://earthquake.usgs.gov/earthquakes/eventpage/us2000jcl0","detail":"https://earthquake.usgs.gov/fdsnws/event/1/query?eventid=us2000jcl0&format=geojson","felt":null,"cdi":null,"mmi":null,"alert":null,"status":"reviewed","tsunami":0,"sig":298,"net":"us","code":"2000jcl0","ids":",us2000jcl0,","sources":",us,","types":",geoserve,origin,phase-data,","nst":null,"dmin":1.3,"rms":0.88,"gap":65,"magType":"mb","type":"earthquake","title":"M 4.4 - 97km SE of Putre, Chile"},"geometry":{"type":"Point","coordinates":[-68.9879,-18.894,158.76]},"id":"us2000jcl0"},{"type":"Feature","properties":{"mag":4.8,"place":"32km E of Iwaki, Japan","time":1549155675180,"updated":1549157643040,"tz":540,"url":"https://earthquake.usgs.gov/earthquakes/eventpage/us2000jckw","detail":"https://earthquake.usgs.gov/fdsnws/event/1/query?eventid=us2000jckw&format=geojson","felt":null,"cdi":null,"mmi":null,"alert":null,"status":"reviewed","tsunami":0,"sig":354,"net":"us","code":"2000jckw","ids":",us2000jckw,","sources":",us,","types":",geoserve,origin,phase-data,","nst":null,"dmin":0.858,"rms":0.72,"gap":139,"magType":"mb","type":"earthquake","title":"M 4.8 - 32km E of Iwaki, Japan"},"geometry":{"type":"Point","coordinates":[141.2472,37.0898,55.59]},"id":"us2000jckw"}],"bbox":[-179.515,-59.693,10,174.065,52.128,158.76]}
