<?xml version='1.0' encoding='UTF-8' ?>
<timeLogEntries>
  <time id="1" path="/Taller GMaps/PSP0/Planning" start="@1548990257000" delta="51" />
  <time id="2" path="/Taller GMaps/PSP0/Design" start="@1549046431524" delta="12" />
  <time id="3" path="/Taller GMaps/PSP0/Code" start="@1549048512230" delta="21" />
  <time id="4" path="/Taller GMaps/PSP0/Code" start="@1549051771982" delta="52" />
  <time id="5" path="/Taller GMaps/PSP0/Code" start="@1549069477848" delta="14" interrupt="3" />
  <time id="6" path="/Taller GMaps/PSP0/Code" start="@1549087041143" delta="109" />
  <time id="7" path="/Taller GMaps/PSP0/Code" start="@1549126117958" delta="13" />
  <time id="8" path="/Taller GMaps/PSP0/Code" start="@1549127353370" delta="8" />
  <time id="9" path="/Taller GMaps/PSP0/Code" start="@1549130887399" delta="14" />
  <time id="10" path="/Taller GMaps/PSP0/Code" start="@1549155343478" delta="25" />
  <time id="11" path="/Taller GMaps/PSP0/Code" start="@1549161545853" delta="106" />
</timeLogEntries>
