<?xml version='1.0' encoding='UTF-8' ?>
<timeLogEntries>
  <time id="1" path="/AEDLABU2/Identificación del problema" start="@1535597452000" delta="60" />
  <time id="2" path="/AEDLABU2/Recopilación de información" start="@1535683896659" delta="26" />
  <time id="3" path="/Proyecto/PSP0/Planning" start="@1535736206533" delta="60" />
  <time id="4" path="/Proyecto/PSP0/Design" start="@1535736214830" delta="26" />
  <time id="5" path="/Proyecto/PSP0/Design" start="@1535736302062" delta="5" />
  <time id="6" path="/Proyecto/PSP0/Planning" start="@1535915982224" delta="85" interrupt="15" />
  <time id="7" path="/Proyecto/PSP0/Planning" start="@1535923145403" delta="43" />
  <time id="8" path="/Proyecto/PSP0/Planning" start="@1536200908524" delta="20" />
  <time id="9" path="/Proyecto/PSP0/Planning" start="@1536466655845" delta="71" />
  <time id="10" path="/Proyecto/PSP0/Design" start="@1536514294885" delta="44" />
  <time id="11" path="/Proyecto/PSP0/Design" start="@1536525512413" delta="2" />
  <time id="12" path="/Proyecto/PSP0/Code" start="@1536531861948" delta="44" />
  <time id="13" path="/Proyecto/PSP0/Code" start="@1536538047886" delta="11" />
  <time id="14" path="/Proyecto/PSP0/Code" start="@1536595585000" delta="60" />
  <time id="15" path="/Proyecto/PSP0/Test" start="@1536603984134" delta="19" />
  <time id="16" path="/Proyecto/PSP0/Design" start="@1536605232039" delta="7" />
  <time id="17" path="/Proyecto/PSP0/Test" start="@1536804586599" delta="29" />
  <time id="18" path="/Proyecto/PSP0/Design" start="@1536806525759" delta="6" />
  <time id="19" path="/Proyecto/PSP0/Design" start="@1536894127117" delta="44" interrupt="5" />
  <time id="20" path="/Proyecto/PSP0/Code" start="@1536809841000" delta="26" />
  <time id="21" path="/Proyecto/PSP0/Design" start="@1537110193934" delta="45" />
  <time id="22" path="/Proyecto/PSP0/Design" start="@1537113648990" delta="6" />
  <time id="23" path="/Proyecto/PSP0/Design" start="@1537122439810" delta="43" />
  <time id="24" path="/Proyecto/PSP0/Test" start="@1537125187542" delta="15" />
  <time id="25" path="/Proyecto/PSP0/Test" start="@1537127319755" delta="23" />
  <time id="26" path="/Proyecto/PSP0/Test" start="@1537195620769" delta="61" />
  <time id="27" path="/Proyecto/PSP0/Test" start="@1537236997654" delta="24" />
  <time id="28" path="/Proyecto/PSP0/Postmortem" start="@1537238656037" delta="3" />
  <time id="29" path="/Proyecto/PSP0/Compile" start="@1537238865518" delta="8" />
  <time id="30" path="/Proyecto/PSP0/Code" start="@1537239327774" delta="5" />
  <time id="31" path="/Proyecto/PSP0/Design" start="@1537300349197" delta="7" />
  <time id="32" path="/Proyecto/PSP0/Code" start="@1537300746553" delta="25" />
  <time id="33" path="/Proyecto/PSP0/Design" start="@1537302243334" delta="19" />
  <time id="34" path="/Proyecto/PSP0/Design" start="@1537317599733" delta="24" />
  <time id="35" path="/Proyecto/PSP0/Test" start="@1537319039249" delta="29" />
  <time id="36" path="/Proyecto/PSP0/Test" start="@1537328740332" delta="7" />
  <time id="37" path="/Proyecto/PSP0/Test" start="@1537330319252" delta="13" />
  <time id="38" path="/Proyecto/PSP0/Test" start="@1537358848209" delta="35" />
  <time id="39" path="/Proyecto/PSP0/Postmortem" start="@1537412713299" delta="26" />
  <time id="40" path="/Proyecto/PSP0/Postmortem" start="@1537452831675" delta="26" />
  <time id="41" path="/AEDLABU3/PSP0/Planning" start="@1537755426594" delta="30" interrupt="1" />
  <time id="42" path="/AEDLABU3/PSP0/Planning" start="@1538623232459" delta="3" />
  <time id="43" path="/AEDLABU3/PSP0/Code" start="@1538623502392" delta="11" />
  <time id="44" path="/AEDLABU3/PSP0/Planning" start="@1538654449781" delta="147" interrupt="4" />
  <time id="45" path="/AEDLABU3/PSP0/Planning" start="@1538759928761" delta="18" />
  <time id="46" path="/AEDLABU3/PSP0/Planning" start="@1539006831623" delta="109" />
  <time id="47" path="/AEDLABU3/PSP0/Design" start="@1539181911523" delta="2" />
  <time id="48" path="/AEDLABU3/PSP0/Design" start="@1539182920444" delta="19" />
  <time id="49" path="/AEDLABU3/PSP0/Code" start="@1539199531888" delta="35" />
  <time id="50" path="/AEDLABU3/PSP0/Design" start="@1539311113372" delta="25" />
  <time id="51" path="/AEDLABU3/PSP0/Design" start="@1539361577610" delta="21" />
  <time id="52" path="/AEDLABU3/PSP0/Code" start="@1539364942219" delta="3" />
  <time id="53" path="/AEDLABU3/PSP0/Code" start="@1539365740667" delta="14" />
  <time id="54" path="/AEDLABU3/PSP0/Test" start="@1539538547910" delta="4" />
  <time id="55" path="/AEDLABU3/PSP0/Design" start="@1539538807813" delta="15" />
  <time id="56" path="/AEDLABU3/PSP0/Test" start="@1539539683592" delta="11" />
  <time id="57" path="/AEDLABU3/PSP0/Code" start="@1539540329816" delta="9" />
  <time id="58" path="/AEDLABU3/PSP0/Test" start="@1539540899492" delta="28" />
  <time id="59" path="/AEDLABU3/PSP0/Design" start="@1539542629461" delta="5" />
  <time id="60" path="/AEDLABU3/PSP0/Design" start="@1539543456697" delta="8" />
  <time id="61" path="/AEDLABU3/PSP0/Test" start="@1539544347046" delta="18" />
  <time id="62" path="/AEDLABU3/PSP0/Design" start="@1539545426028" delta="13" />
  <time id="66" path="/AEDLABU3/PSP0/Code" start="@1539656519865" delta="6" />
  <time id="67" path="/AEDLABU3/PSP0/Design" start="@1539656880751" delta="12" />
  <time id="68" path="/AEDLABU3/PSP0/Code" start="@1539657613419" delta="36" />
  <time id="82" path="/AEDLABU3/PSP0/Design" start="@1539808083201" delta="75" />
  <time id="87" path="/AEDLABU3/PSP0/Code" start="@1539817501045" delta="20" />
  <time id="88" path="/AEDLABU3/PSP0/Code" start="@1539819672503" delta="86" />
  <time id="97" path="/AEDLABU3/PSP0/Test" start="@1540056472000" delta="80" />
  <time id="98" path="/AEDLABU3/PSP0/Test" start="@1540055716000" delta="20" />
  <time id="99" path="/AEDLABU3/PSP0/Code" start="@1540133757629" delta="23" />
  <time id="101" path="/AEDLABU3/PSP0/Code" start="@1540136290487" delta="38" />
  <time id="102" path="/AEDLABU3/PSP0/Design" start="@1540138597169" delta="47" />
  <time id="103" path="/AEDLABU3/PSP0/Test" start="@1540142556000" delta="60" />
  <time id="104" path="/AEDLABU3/PSP0/Test" start="@1540152173735" delta="112" />
  <time id="108" path="/AEDLABU3/PSP0/Compile" start="@1540247937000" delta="11" />
  <time id="109" path="/AEDLABU3/PSP0/Code" start="@1540248622550" delta="8" />
  <time id="110" path="/AEDLABU3/PSP0/Test" start="@1540249116386" delta="2" />
  <time id="111" path="/AEDLABU3/PSP0/Compile" start="@1540249222552" delta="60" />
  <time id="112" path="/AEDLABU3/PSP0/Planning" start="@1540252815840" delta="3" />
  <time id="113" path="/AEDLABU3/PSP0/Postmortem" start="@1540253867051" delta="35" />
  <time id="114" path="/AEDLABU3/PSP0/Code" start="@1540256422556" delta="3" />
  <time id="115" path="/AEDLABU3/PSP0/Code" start="@1540261643492" delta="45" />
  <time id="116" path="/AEDLABU3/PSP0/Code" start="@1540303445492" delta="42" />
  <time id="117" path="/AEDLABU3/PSP0/Code" start="@1540307629378" delta="39" />
  <time id="122" path="/AEDLABU3/PSP0/Compile" start="@1540347491331" delta="9" />
  <time id="125" path="/AEDLABU3/PSP0/Postmortem" start="@1540433485560" delta="60" />
  <time id="127" path="/AEDFinalProject/PSP0/Planning" start="@1541118021000" delta="46" />
  <time id="128" path="/AEDFinalProject/PSP0/Planning" start="@1541204449643" delta="50" />
  <time id="129" path="/AEDFinalProject/PSP0/Planning" start="@1541213586598" delta="24" />
  <time id="130" path="/AEDFinalProject/PSP0/Planning" start="@1541369350978" delta="96" interrupt="1" />
  <time id="131" path="/AEDFinalProject/PSP0/Design" start="@1541432659397" delta="58" />
  <time id="132" path="/Schedule/Estructuras" start="@1541350925000" delta="274" />
  <time id="133" path="/Schedule/Estructuras" start="@1541437722319" delta="94" interrupt="7" />
  <time id="134" path="/Schedule/Inglés" start="@1541443856910" delta="60" />
  <time id="135" path="/AEDFinalProject/PSP0/Design" start="@1541449616614" delta="64" />
  <time id="136" path="/Schedule/Estructuras" start="@1541453508648" delta="122" />
  <time id="137" path="/Schedule/Estructuras" start="@1541456406714" delta="49" />
  <time id="138" path="/Schedule/Proba" start="@1541459729689" delta="155" />
  <time id="139" path="/Schedule/Derecho" start="@1541472374603" delta="32" />
  <time id="140" path="/AEDFinalProject/PSP0/Postmortem" start="@1541513129803" delta="30" />
  <time id="141" path="/Schedule/Derecho" start="@1541545739108" delta="15" />
  <time id="142" path="/Schedule/Cálculo" start="@1541545752588" delta="45" />
  <time id="143" path="/Schedule/Inglés" start="@1541545774343" delta="13" />
  <time id="144" path="/Schedule/Derecho" start="@1541546544234" delta="22" />
  <time id="145" path="/Schedule/Inglés" start="@1541547844164" delta="51" />
  <time id="146" path="/Schedule/Estructuras" start="@1541634104281" delta="19" />
  <time id="147" path="/Schedule/Estructuras" start="@1541636376392" delta="241" />
  <time id="148" path="/Schedule/Cálculo" start="@1541705744027" delta="90" />
  <time id="149" path="/Schedule/Estructuras" start="@1541705862504" delta="94" />
  <time id="150" path="/Schedule/Inglés" start="@1541762458092" delta="41" />
  <time id="151" path="/Schedule/Estructuras" start="@1541762484207" delta="56" />
  <time id="152" path="/AEDFinalProject/PSP0/Planning" start="@1541771440366" delta="20" />
  <time id="153" path="/AEDFinalProject/PSP0/Planning" start="@1541780182851" delta="38" />
  <time id="154" path="/AEDFinalProject/PSP0/Code" start="@1541782463468" delta="29" />
  <time id="155" path="/AEDFinalProject/PSP0/Code" start="@1541957325480" delta="21" />
  <time id="156" path="/AEDFinalProject/PSP0/Code" start="@1541962363936" delta="18" />
  <time id="157" path="/AEDFinalProject/PSP0/Code" start="@1541963804898" delta="15" interrupt="2" />
  <time id="158" path="/AEDFinalProject/PSP0/Code" start="@1541975271316" delta="31" />
  <time id="159" path="/Schedule/Estructuras" start="@1542024688000" delta="12" />
  <time id="160" path="/AEDFinalProject/PSP0/Code" start="@1542025390406" delta="20" />
  <time id="161" path="/AEDFinalProject/PSP0/Code" start="@1542026620357" delta="24" />
  <time id="162" path="/Schedule/Estructuras" start="@1541941728000" delta="129" />
  <time id="163" path="/Schedule/Estructuras" start="@1542028205334" delta="83" />
  <time id="164" path="/AEDFinalProject/PSP0/Code" start="@1542033973758" delta="17" />
  <time id="165" path="/AEDFinalProject/PSP0/Code" start="@1542036251203" delta="39" />
  <time id="166" path="/Schedule/Estructuras" start="@1542038707688" delta="39" />
  <time id="167" path="/AEDFinalProject/PSP0/Test" start="@1542049148525" delta="83" interrupt="8" />
  <time id="168" path="/AEDFinalProject/PSP0/Test" start="@1542249035610" delta="5" />
  <time id="169" path="/AEDFinalProject/PSP0/Code" start="@1542249348331" delta="11" />
  <time id="170" path="/AEDFinalProject/PSP0/Test" start="@1542250007073" delta="34" />
  <time id="171" path="/AEDFinalProject/PSP0/Planning" start="@1542252069313" delta="6" />
  <time id="172" path="/AEDFinalProject/PSP0/Planning" start="@1542371244071" delta="57" />
  <time id="173" path="/AEDFinalProject/PSP0/Postmortem" start="@1542500763097" delta="4" />
  <time id="174" path="/AEDFinalProject/PSP0/Planning" start="@1542501006177" delta="34" />
  <time id="175" path="/AEDFinalProject/PSP0/Design" start="@1542565696498" delta="5" />
  <time id="176" path="/AEDFinalProject/PSP0/Design" start="@1542567289611" delta="43" />
  <time id="177" path="/AEDFinalProject/PSP0/Design" start="@1542573032952" delta="60" />
  <time id="178" path="/AEDFinalProject/PSP0/Design" start="@1542576635148" delta="8" />
  <time id="179" path="/AEDFinalProject/PSP0/Design" start="@1542578282922" delta="9" />
  <time id="180" path="/AEDFinalProject/PSP0/Design" start="@1542589433547" delta="36" />
  <time id="181" path="/AEDFinalProject/PSP0/Test" start="@1542596066225" delta="16" />
  <time id="182" path="/AEDFinalProject/PSP0/Test" start="@1542596084854" delta="19" />
  <time id="183" path="/AEDFinalProject/PSP0/Test" start="@1542639896823" delta="30" />
  <time id="184" path="/AEDFinalProject/PSP0/Test" start="@1542677915129" delta="35" />
  <time id="185" path="/AEDFinalProject/PSP0/Test" start="@1542683108424" delta="19" />
  <time id="186" path="/AEDFinalProject/PSP0/Test" start="@1542731176838" delta="75" />
  <time id="187" path="/AEDFinalProject/PSP0/Test" start="@1542741649406" delta="49" />
  <time id="188" path="/AEDFinalProject/PSP0/Design" start="@1542801335840" delta="24" />
  <time id="189" path="/AEDFinalProject/PSP0/Compile" start="@1542853637861" delta="11" />
  <time id="190" path="/AEDFinalProject/PSP0/Test" start="@1542854314113" delta="22" />
  <time id="191" path="/AEDFinalProject/PSP0/Planning" start="@1542855604453" delta="30" />
  <time id="192" path="/AEDFinalProject/PSP0/Code" start="@1542857390394" delta="15" />
  <time id="193" path="/AEDFinalProject/PSP0/Code" start="@1542927503867" delta="4" />
  <time id="194" path="/AEDFinalProject/PSP0/Planning" start="@1542927755377" delta="24" />
  <time id="195" path="/AEDFinalProject/PSP0/Code" start="@1543001838243" delta="113" interrupt="1" />
  <time id="196" path="/AEDFinalProject/PSP0/Design" start="@1543008752142" delta="6" />
  <time id="197" path="/AEDFinalProject/PSP0/Code" start="@1543009126040" delta="9" />
  <time id="198" path="/AEDFinalProject/PSP0/Compile" start="@1543155300000" delta="5" />
  <time id="199" path="/AEDFinalProject/PSP0/Postmortem" start="@1543155856801" delta="8" />
  <time id="200" path="/AEDFinalProject/PSP0/Postmortem" start="@1543155872013" delta="15" />
  <time id="201" path="/AEDFinalProject/PSP0/Postmortem" start="@1543194229449" delta="11" />
  <time id="202" path="/AEDFinalProject/PSP0/Design" start="@1543194884817" delta="72" interrupt="5" />
  <time id="203" path="/AEDFinalProject/PSP0/Compile" start="@1543199544401" delta="3" />
  <time id="204" path="/AEDFinalProject/PSP0/Design" start="@1543199724079" delta="35" />
  <time id="205" path="/AEDFinalProject/PSP0/Test" start="@1543232301653" delta="38" />
  <time id="206" path="/AEDFinalProject/PSP0/Test" start="@1543242565459" delta="118" />
  <time id="207" path="/AEDFinalProject/PSP0/Planning" start="@1543249638085" delta="43" />
  <time id="208" path="/AEDFinalProject/PSP0/Test" start="@1543256220428" delta="30" />
  <time id="209" path="/AEDFinalProject/PSP0/Postmortem" start="@1543256248694" delta="57" />
  <time id="210" path="/TallerGMap/PSP0/Planning" start="@1548867597832" delta="50" />
  <time id="211" path="/TallerGMap/PSP0/Planning" start="@1548893606356" delta="44" />
  <time id="212" path="/TallerGMap/PSP0/Planning" start="@1548988816183" delta="12" />
  <time id="213" path="/TallerGMap/PSP0/Design" start="@1548989527705" delta="11" />
  <time id="214" path="/TallerGMap/PSP0/Code" start="@1548990193081" delta="4" />
  <time id="215" path="/TallerGMap/PSP0/Planning" start="@1548990418381" delta="8" />
  <time id="216" path="/TallerGMap/PSP0/Planning" start="@1549036735746" delta="60" />
  <time id="217" path="/TallerGMap/PSP0/Planning" start="@1549057562732" delta="40" />
  <time id="218" path="/TallerGMap/PSP0/Code" start="@1549139092000" delta="28" />
  <time id="220" path="/TallerGMap/PSP0/Code" start="@1549141240000" delta="80" />
  <time id="222" path="/TallerGMap/PSP0/Code" start="@1549148161140" delta="5" />
  <time id="223" path="/TallerGMap/PSP0/Design" start="@1549148459201" delta="11" />
  <time id="224" path="/TallerGMap/PSP0/Code" start="@1549155864069" delta="11" />
  <time id="225" path="/TallerGMap/PSP0/Design" start="@1549156515968" delta="36" />
  <time id="226" path="/TallerGMap/PSP0/Code" start="@1549158682259" delta="34" />
  <time id="227" path="/TallerGMap/PSP0/Code" start="@1549163349952" delta="29" />
  <time id="228" path="/TallerGMap/PSP0/Compile" start="@1549199634335" delta="14" />
  <time id="229" path="/TallerGMap/PSP0/Planning" start="@1549200470340" delta="124" interrupt="24" />
  <time id="230" path="/TallerGMap/PSP0/Planning" start="@1549214735411" delta="44" />
</timeLogEntries>
